unique_id,assignment
135780,Emotions
135781,Emotions
135782,Reason
135783,Reason
135784,Reason
135785,Emotions
135786,Emotions
135787,Reason
135788,Control
135789,Control
135790,Control
135791,Control
135792,Reason
135793,Reason
135794,Control
135795,Control
135796,Reason
135797,Control
135798,Control
135799,Control
135800,Reason
135801,Reason
135802,Emotions
135803,Reason
135804,Control
135805,Control
135806,Reason
135807,Control
135808,Control
135809,Emotions
135810,Control
135811,Control
135812,Control
135813,Reason
135814,Control
135815,Emotions
135816,Reason
135817,Emotions
135818,Emotions
135819,Control
135820,Control
135821,Reason
135822,Control
135823,Reason
135824,Reason
135825,Emotions
135826,Control
135827,Emotions
135828,Emotions
135829,Emotions
135830,Reason
135831,Control
135832,Control
135833,Reason
135834,Control
135835,Emotions
135836,Emotions
135837,Emotions
135838,Control
135839,Reason
135840,Reason
135841,Emotions
135842,Control
135843,Control
135844,Reason
135845,Reason
135846,Emotions
135847,Reason
135848,Control
135849,Reason
135850,Control
135851,Emotions
135852,Reason
135853,Emotions
135854,Emotions
135855,Emotions
135856,Control
135857,Reason
135858,Emotions
135859,Control
135860,Control
135861,Reason
135862,Reason
135863,Emotions
135864,Reason
135865,Reason
135866,Reason
135867,Control
135868,Emotions
135869,Reason
135870,Reason
135871,Control
135872,Control
135873,Reason
135874,Control
135875,Control
135876,Reason
135877,Control
135878,Reason
135879,Reason
135880,Control
135881,Reason
135882,Reason
135883,Control
135884,Control
135885,Control
135886,Control
135887,Emotions
135888,Control
135889,Reason
135890,Emotions
135891,Control
135892,Emotions
135893,Control
135894,Reason
135895,Emotions
135896,Control
135897,Control
135898,Emotions
135899,Emotions
135900,Reason
135901,Emotions
135902,Reason
135903,Reason
135904,Reason
135905,Control
135906,Reason
135907,Emotions
135908,Reason
135909,Emotions
135910,Control
135911,Emotions
135912,Control
135913,Reason
135914,Reason
135915,Reason
135916,Reason
135917,Control
135918,Reason
135919,Reason
135920,Emotions
135921,Emotions
135922,Control
135923,Emotions
135924,Control
135925,Control
135926,Reason
135927,Reason
135928,Reason
135929,Reason
135930,Control
135931,Control
135932,Control
135933,Reason
135934,Reason
135935,Reason
135936,Control
135937,Reason
135938,Control
135939,Emotions
135940,Control
135941,Control
135942,Control
135943,Control
135944,Control
135945,Reason
135946,Reason
135947,Reason
135948,Emotions
135949,Reason
135950,Reason
135951,Emotions
135952,Reason
135953,Control
135954,Emotions
135955,Control
135956,Control
135957,Reason
135958,Reason
135959,Emotions
135960,Emotions
135961,Emotions
135962,Emotions
135963,Control
135964,Control
135965,Control
135966,Emotions
135967,Reason
135968,Emotions
135969,Emotions
135970,Reason
135971,Control
135972,Control
135973,Emotions
135974,Reason
135975,Reason
135976,Control
135977,Control
135978,Control
135979,Emotions
135980,Reason
135981,Reason
135982,Reason
135983,Reason
135984,Emotions
135985,Emotions
135986,Emotions
135987,Control
135988,Control
135989,Emotions
135990,Emotions
135991,Reason
135992,Reason
135993,Control
135994,Control
135995,Reason
135996,Emotions
135997,Reason
135998,Reason
135999,Control
136000,Emotions
136001,Emotions
136002,Emotions
136003,Control
136004,Reason
136005,Reason
136006,Reason
136007,Control
136008,Reason
136009,Reason
136010,Emotions
136011,Reason
136012,Emotions
136013,Control
136014,Reason
136015,Control
136016,Reason
136017,Reason
136018,Emotions
136019,Reason
136020,Reason
136021,Reason
136022,Emotions
136023,Reason
136024,Reason
136025,Emotions
136026,Reason
136027,Control
136028,Control
136029,Control
136030,Reason
136031,Control
136032,Reason
136033,Emotions
136034,Emotions
136035,Emotions
136036,Reason
136037,Control
136038,Emotions
136039,Control
136040,Emotions
136041,Reason
136042,Emotions
136043,Control
136044,Control
136045,Control
136046,Control
136047,Emotions
136048,Emotions
136049,Reason
136050,Reason
136051,Emotions
136052,Reason
136053,Control
136054,Control
136055,Emotions
136056,Control
136057,Emotions
136058,Control
136059,Emotions
136060,Emotions
136061,Emotions
136062,Control
136063,Reason
136064,Emotions
136065,Emotions
136066,Control
136067,Control
136068,Emotions
136069,Reason
136070,Reason
136071,Emotions
136072,Reason
136073,Control
136074,Emotions
136075,Reason
136076,Reason
136077,Control
136078,Reason
136079,Emotions
136080,Emotions
136081,Control
136082,Control
136083,Reason
136084,Emotions
136085,Emotions
136086,Control
136087,Reason
136088,Emotions
136089,Reason
136090,Control
136091,Emotions
136092,Reason
136093,Reason
136094,Reason
136095,Reason
136096,Emotions
136097,Control
136098,Reason
136099,Control
136100,Emotions
136101,Reason
136102,Reason
136103,Emotions
136104,Reason
136105,Control
136106,Reason
136107,Control
136108,Reason
136109,Emotions
136110,Control
136111,Reason
136112,Reason
136113,Reason
136114,Control
136115,Control
136116,Control
136117,Reason
136118,Emotions
136119,Control
136120,Emotions
136121,Reason
136122,Reason
136123,Emotions
136124,Emotions
136125,Reason
136126,Control
136127,Emotions
136128,Emotions
136129,Reason
136130,Control
136131,Emotions
136132,Reason
136133,Emotions
136134,Control
136135,Emotions
136136,Control
136137,Control
136138,Control
136139,Reason
136140,Reason
136141,Reason
136142,Control
136143,Emotions
136144,Reason
136145,Control
136146,Emotions
136147,Control
136148,Control
136149,Emotions
136150,Emotions
136151,Control
136152,Control
136153,Emotions
136154,Reason
136155,Reason
136156,Reason
136157,Emotions
136158,Reason
136159,Emotions
136160,Emotions
136161,Reason
136162,Emotions
136163,Control
136164,Reason
136165,Reason
136166,Reason
136167,Emotions
136168,Control
136169,Emotions
136170,Emotions
136171,Emotions
136172,Control
136173,Emotions
136174,Emotions
136175,Emotions
136176,Reason
136177,Reason
136178,Control
136179,Control
136180,Control
136181,Emotions
136182,Reason
136183,Reason
136184,Reason
136185,Control
136186,Reason
136187,Control
136188,Reason
136189,Reason
136190,Emotions
136191,Emotions
136192,Control
136193,Control
136194,Reason
136195,Reason
136196,Reason
136197,Emotions
136198,Reason
136199,Reason
136200,Control
136201,Emotions
136202,Control
136203,Emotions
136204,Control
136205,Emotions
136206,Control
136207,Reason
136208,Control
136209,Control
136210,Reason
136211,Reason
136212,Emotions
136213,Control
136214,Emotions
136215,Emotions
136216,Reason
136217,Reason
136218,Emotions
136219,Control
136220,Emotions
136221,Reason
136222,Reason
136223,Reason
136224,Control
136225,Emotions
136226,Control
136227,Control
136228,Reason
136229,Control
136230,Control
136231,Control
136232,Reason
136233,Control
136234,Reason
136235,Emotions
136236,Control
136237,Control
136238,Control
136239,Control
136240,Emotions
136241,Reason
136242,Emotions
136243,Emotions
136244,Control
136245,Reason
136246,Control
136247,Emotions
136248,Reason
136249,Control
136250,Reason
136251,Reason
136252,Control
136253,Emotions
136254,Reason
136255,Emotions
136256,Control
136257,Control
136258,Emotions
136259,Control
136260,Reason
136261,Control
136262,Reason
136263,Control
136264,Control
136265,Control
136266,Emotions
136267,Control
136268,Emotions
136269,Emotions
136270,Reason
136271,Reason
136272,Reason
136273,Emotions
136274,Control
136275,Control
136276,Emotions
136277,Reason
136278,Reason
136279,Emotions
136280,Reason
136281,Emotions
136282,Reason
136283,Control
136284,Reason
136285,Control
136286,Reason
136287,Reason
136288,Reason
136289,Emotions
136290,Emotions
136291,Emotions
136292,Control
136293,Control
136294,Reason
136295,Reason
136296,Emotions
136297,Reason
136298,Reason
136299,Reason
136300,Emotions
136301,Emotions
136302,Emotions
136303,Emotions
136304,Control
136305,Reason
136306,Control
136307,Control
136308,Reason
136309,Reason
136310,Reason
136311,Control
136312,Control
136313,Emotions
136314,Reason
136315,Reason
136316,Reason
136317,Reason
136318,Emotions
136319,Emotions
136320,Reason
136321,Control
136322,Reason
136323,Reason
136324,Control
136325,Emotions
136326,Emotions
136327,Emotions
136328,Control
136329,Reason
136330,Emotions
136331,Control
136332,Emotions
136333,Reason
136334,Reason
136335,Emotions
136336,Reason
136337,Emotions
136338,Emotions
136339,Emotions
136340,Control
136341,Reason
136342,Reason
136343,Reason
136344,Control
136345,Reason
136346,Reason
136347,Emotions
136348,Control
136349,Emotions
136350,Emotions
136351,Control
136352,Reason
136353,Emotions
136354,Reason
136355,Emotions
136356,Reason
136357,Control
136358,Control
136359,Emotions
136360,Reason
136361,Reason
136362,Control
136363,Emotions
136364,Control
136365,Reason
136366,Reason
136367,Reason
136368,Emotions
136369,Emotions
136370,Control
136371,Reason
136372,Reason
136373,Reason
136374,Reason
136375,Control
136376,Control
136377,Reason
136378,Reason
136379,Control
136380,Emotions
136381,Emotions
136382,Emotions
136383,Emotions
136384,Control
136385,Reason
136386,Control
136387,Control
136388,Emotions
136389,Emotions
136390,Reason
136391,Control
136392,Reason
136393,Emotions
136394,Emotions
136395,Reason
136396,Emotions
136397,Emotions
136398,Emotions
136399,Control
136400,Emotions
136401,Reason
136402,Reason
136403,Control
136404,Reason
136405,Emotions
136406,Reason
136407,Reason
136408,Reason
136409,Control
136410,Control
136411,Control
136412,Control
136413,Control
136414,Control
136415,Reason
136416,Control
136417,Control
136418,Emotions
136419,Control
136420,Reason
136421,Emotions
136422,Emotions
136423,Control
136424,Emotions
136425,Control
136426,Control
136427,Control
136428,Emotions
136429,Emotions
136430,Control
136431,Reason
136432,Emotions
136433,Reason
136434,Reason
136435,Emotions
136436,Emotions
136437,Emotions
136438,Emotions
136439,Reason
136440,Control
136441,Emotions
136442,Emotions
136443,Reason
136444,Reason
136445,Emotions
136446,Reason
136447,Reason
136448,Emotions
136449,Reason
136450,Reason
136451,Reason
136452,Reason
136453,Control
136454,Reason
136455,Emotions
136456,Emotions
136457,Emotions
136458,Control
136459,Emotions
136460,Reason
136461,Control
136462,Emotions
136463,Reason
136464,Reason
136465,Control
136466,Emotions
136467,Control
136468,Reason
136469,Emotions
136470,Reason
136471,Emotions
136472,Reason
136473,Reason
136474,Control
136475,Control
136476,Control
136477,Emotions
136478,Reason
136479,Emotions
136480,Control
136481,Reason
136482,Control
136483,Emotions
136484,Emotions
136485,Emotions
136486,Emotions
136487,Reason
136488,Reason
136489,Reason
136490,Reason
136491,Emotions
136492,Emotions
136493,Emotions
136494,Control
136495,Emotions
136496,Control
136497,Control
136498,Reason
136499,Control
136500,Emotions
136501,Control
136502,Reason
136503,Control
136504,Reason
136505,Reason
136506,Control
136507,Reason
136508,Control
136509,Reason
136510,Emotions
136511,Emotions
136512,Reason
136513,Reason
136514,Control
136515,Control
136516,Emotions
136517,Control
136518,Reason
136519,Control
136520,Control
136521,Reason
136522,Control
136523,Reason
136524,Emotions
136525,Emotions
136526,Control
136527,Emotions
136528,Control
136529,Reason
136530,Control
136531,Emotions
136532,Control
136533,Reason
136534,Reason
136535,Reason
136536,Control
136537,Reason
136538,Control
136539,Reason
136540,Emotions
136541,Emotions
136542,Control
136543,Control
136544,Reason
136545,Reason
136546,Reason
136547,Control
136548,Control
136549,Control
136550,Emotions
136551,Reason
136552,Control
136553,Reason
136554,Reason
136555,Reason
136556,Control
136557,Control
136558,Control
136559,Control
136560,Control
136561,Reason
136562,Emotions
136563,Control
136564,Reason
136565,Control
136566,Emotions
136567,Reason
136568,Reason
136569,Reason
136570,Reason
136571,Emotions
136572,Emotions
136573,Reason
136574,Emotions
136575,Emotions
136576,Reason
136577,Reason
136578,Emotions
136579,Emotions
136580,Reason
136581,Emotions
136582,Emotions
136583,Control
136584,Reason
136585,Reason
136586,Emotions
136587,Reason
136588,Reason
136589,Reason
136590,Emotions
136591,Emotions
136592,Emotions
136593,Emotions
136594,Emotions
136595,Reason
136596,Control
136597,Reason
136598,Emotions
136599,Reason
136600,Reason
136601,Control
136602,Emotions
136603,Emotions
136604,Control
136605,Control
136606,Control
136607,Reason
136608,Control
136609,Control
136610,Reason
136611,Control
136612,Control
136613,Reason
136614,Emotions
136615,Reason
136616,Emotions
136617,Emotions
136618,Emotions
136619,Emotions
136620,Emotions
136621,Control
136622,Reason
136623,Emotions
136624,Reason
136625,Reason
136626,Reason
136627,Emotions
136628,Emotions
136629,Emotions
136630,Reason
136631,Emotions
136632,Control
136633,Control
136634,Control
136635,Emotions
136636,Emotions
136637,Reason
136638,Emotions
136639,Reason
136640,Control
136641,Emotions
136642,Reason
136643,Emotions
136644,Control
136645,Reason
136646,Control
136647,Reason
136648,Control
136649,Control
136650,Reason
136651,Control
136652,Emotions
136653,Emotions
136654,Reason
136655,Control
136656,Reason
136657,Emotions
136658,Emotions
136659,Control
136660,Reason
136661,Emotions
136662,Emotions
136663,Emotions
136664,Control
136665,Reason
136666,Emotions
136667,Reason
136668,Reason
136669,Reason
136670,Reason
136671,Control
136672,Emotions
136673,Control
136674,Reason
136675,Reason
136676,Control
136677,Emotions
136678,Emotions
136679,Control
136680,Reason
136681,Reason
136682,Emotions
136683,Emotions
136684,Emotions
136685,Emotions
136686,Control
136687,Control
136688,Reason
136689,Control
136690,Emotions
136691,Emotions
136692,Emotions
136693,Reason
136694,Control
136695,Control
136696,Reason
136697,Control
136698,Emotions
136699,Control
136700,Reason
136701,Reason
136702,Reason
136703,Emotions
136704,Emotions
136705,Emotions
136706,Emotions
136707,Emotions
136708,Reason
136709,Control
136710,Reason
136711,Emotions
136712,Reason
136713,Control
136714,Emotions
136715,Control
136716,Control
136717,Reason
136718,Emotions
136719,Emotions
136720,Reason
136721,Control
136722,Emotions
136723,Reason
136724,Reason
136725,Reason
136726,Control
136727,Reason
136728,Emotions
136729,Control
136730,Control
136731,Reason
136732,Emotions
136733,Reason
136734,Emotions
136735,Reason
136736,Reason
136737,Emotions
136738,Reason
136739,Control
136740,Emotions
136741,Emotions
136742,Reason
136743,Control
136744,Emotions
136745,Emotions
136746,Emotions
136747,Control
136748,Reason
136749,Reason
136750,Reason
136751,Emotions
136752,Emotions
136753,Emotions
136754,Control
136755,Emotions
136756,Control
136757,Control
136758,Control
136759,Reason
136760,Reason
136761,Control
136762,Reason
136763,Emotions
136764,Control
136765,Reason
136766,Emotions
136767,Reason
136768,Control
136769,Emotions
136770,Control
136771,Emotions
136772,Emotions
136773,Control
136774,Emotions
136775,Control
136776,Emotions
136777,Control
136778,Reason
136779,Reason
136780,Control
136781,Emotions
136782,Reason
136783,Emotions
136784,Emotions
136785,Reason
136786,Control
136787,Control
136788,Reason
136789,Reason
136790,Control
136791,Reason
136792,Reason
136793,Control
136794,Reason
136795,Emotions
136796,Control
136797,Emotions
136798,Control
136799,Reason
136800,Reason
136801,Emotions
136802,Control
136803,Control
136804,Emotions
136805,Emotions
136806,Emotions
136807,Control
136808,Emotions
136809,Reason
136810,Reason
136811,Emotions
136812,Emotions
136813,Emotions
136814,Emotions
136815,Control
136816,Reason
136817,Reason
136818,Reason
136819,Control
136820,Reason
136821,Control
136822,Control
136823,Emotions
136824,Control
136825,Reason
136826,Emotions
136827,Control
136828,Reason
136829,Reason
136830,Emotions
136831,Emotions
136832,Reason
136833,Emotions
136834,Reason
136835,Control
136836,Reason
136837,Reason
136838,Reason
136839,Emotions
136840,Emotions
136841,Emotions
136842,Reason
136843,Emotions
136844,Emotions
136845,Control
136846,Reason
136847,Emotions
136848,Control
136849,Control
136850,Emotions
136851,Emotions
136852,Reason
136853,Emotions
136854,Control
136855,Control
136856,Emotions
136857,Emotions
136858,Control
136859,Emotions
136860,Reason
136861,Control
136862,Emotions
136863,Emotions
136864,Emotions
136865,Emotions
136866,Emotions
136867,Control
136868,Reason
136869,Control
136870,Emotions
136871,Emotions
136872,Reason
136873,Emotions
136874,Control
136875,Emotions
136876,Reason
136877,Reason
136878,Emotions
136879,Emotions
136880,Reason
136881,Reason
136882,Control
136883,Reason
136884,Reason
136885,Control
136886,Reason
136887,Reason
136888,Control
136889,Reason
136890,Reason
136891,Control
136892,Reason
136893,Control
136894,Emotions
136895,Emotions
136896,Reason
136897,Emotions
136898,Emotions
136899,Emotions
136900,Reason
136901,Control
136902,Reason
136903,Reason
136904,Emotions
136905,Emotions
136906,Emotions
136907,Emotions
136908,Control
136909,Reason
136910,Reason
136911,Reason
136912,Emotions
136913,Control
136914,Emotions
136915,Emotions
136916,Emotions
136917,Control
136918,Reason
136919,Reason
136920,Control
136921,Reason
136922,Emotions
136923,Reason
136924,Emotions
136925,Emotions
136926,Emotions
136927,Reason
136928,Reason
136929,Emotions
136930,Control
136931,Reason
136932,Reason
136933,Emotions
136934,Reason
136935,Reason
136936,Emotions
136937,Control
136938,Emotions
136939,Control
136940,Control
136941,Reason
136942,Control
136943,Control
136944,Emotions
136945,Reason
136946,Control
136947,Control
136948,Reason
136949,Control
136950,Control
136951,Emotions
136952,Emotions
136953,Reason
136954,Emotions
136955,Reason
136956,Reason
136957,Emotions
136958,Emotions
136959,Reason
136960,Emotions
136961,Reason
136962,Control
136963,Emotions
136964,Control
136965,Reason
136966,Control
136967,Control
136968,Reason
136969,Emotions
136970,Control
136971,Emotions
136972,Control
136973,Control
136974,Reason
136975,Control
136976,Reason
136977,Reason
136978,Emotions
136979,Control
136980,Control
136981,Control
136982,Control
136983,Control
136984,Emotions
136985,Emotions
136986,Reason
136987,Reason
136988,Control
136989,Emotions
136990,Emotions
136991,Control
136992,Emotions
136993,Emotions
136994,Reason
136995,Emotions
136996,Reason
136997,Emotions
136998,Control
136999,Emotions
137000,Control
137001,Emotions
137002,Control
137003,Reason
137004,Emotions
137005,Emotions
137006,Control
137007,Emotions
137008,Control
137009,Reason
137010,Control
137011,Emotions
137012,Emotions
137013,Emotions
137014,Emotions
137015,Control
137016,Reason
137017,Emotions
137018,Emotions
137019,Control
137020,Control
137021,Emotions
137022,Reason
137023,Emotions
137024,Emotions
137025,Control
137026,Control
137027,Reason
137028,Control
137029,Reason
137030,Reason
137031,Reason
137032,Reason
137033,Emotions
137034,Control
137035,Reason
137036,Emotions
137037,Emotions
137038,Reason
137039,Reason
137040,Emotions
137041,Reason
137042,Reason
137043,Emotions
137044,Control
137045,Reason
137046,Reason
137047,Control
137048,Control
137049,Reason
137050,Control
137051,Control
137052,Control
137053,Control
137054,Reason
137055,Emotions
137056,Reason
137057,Reason
137058,Control
137059,Emotions
137060,Emotions
137061,Emotions
137062,Emotions
137063,Emotions
137064,Control
137065,Control
137066,Emotions
137067,Reason
137068,Control
137069,Emotions
137070,Reason
137071,Control
137072,Reason
137073,Reason
137074,Reason
137075,Control
137076,Reason
137077,Control
137078,Reason
137079,Control
137080,Emotions
137081,Control
137082,Emotions
137083,Control
137084,Emotions
137085,Reason
137086,Control
137087,Control
137088,Control
137089,Reason
137090,Reason
137091,Emotions
137092,Emotions
137093,Control
137094,Emotions
137095,Control
137096,Emotions
137097,Control
137098,Control
137099,Emotions
137100,Emotions
137101,Emotions
137102,Emotions
137103,Control
137104,Reason
137105,Reason
137106,Reason
137107,Control
137108,Control
137109,Control
137110,Emotions
137111,Control
137112,Reason
137113,Control
137114,Emotions
137115,Emotions
137116,Reason
137117,Emotions
137118,Reason
137119,Control
137120,Reason
137121,Reason
137122,Reason
137123,Control
137124,Control
137125,Emotions
137126,Control
137127,Emotions
137128,Control
137129,Control
137130,Control
137131,Emotions
137132,Emotions
137133,Control
137134,Emotions
137135,Reason
137136,Control
137137,Control
137138,Reason
137139,Control
137140,Control
137141,Emotions
137142,Control
137143,Emotions
137144,Emotions
137145,Reason
137146,Emotions
137147,Control
137148,Control
137149,Emotions
137150,Emotions
137151,Reason
137152,Reason
137153,Reason
137154,Reason
137155,Emotions
137156,Emotions
137157,Control
137158,Emotions
137159,Reason
137160,Control
137161,Emotions
137162,Control
137163,Emotions
137164,Emotions
137165,Reason
137166,Reason
137167,Control
137168,Control
137169,Emotions
137170,Control
137171,Emotions
137172,Reason
137173,Emotions
137174,Emotions
137175,Control
137176,Emotions
137177,Reason
137178,Emotions
137179,Emotions
137180,Reason
137181,Emotions
137182,Control
137183,Reason
137184,Emotions
137185,Emotions
137186,Control
137187,Control
137188,Reason
137189,Control
137190,Control
137191,Reason
137192,Reason
137193,Emotions
137194,Reason
137195,Control
137196,Reason
137197,Control
137198,Control
137199,Emotions
137200,Reason
137201,Control
137202,Control
137203,Reason
137204,Reason
137205,Emotions
137206,Control
137207,Reason
137208,Emotions
137209,Reason
137210,Control
137211,Reason
137212,Emotions
137213,Reason
137214,Reason
137215,Control
137216,Emotions
137217,Emotions
137218,Reason
137219,Emotions
137220,Control
137221,Control
137222,Emotions
137223,Reason
137224,Reason
137225,Emotions
137226,Control
137227,Control
137228,Control
137229,Reason
137230,Control
137231,Reason
137232,Control
137233,Control
137234,Emotions
137235,Reason
137236,Emotions
137237,Control
137238,Control
137239,Emotions
137240,Emotions
137241,Reason
137242,Reason
137243,Control
137244,Control
137245,Emotions
137246,Emotions
137247,Reason
137248,Reason
137249,Emotions
137250,Emotions
137251,Reason
137252,Emotions
137253,Reason
137254,Emotions
137255,Reason
137256,Reason
137257,Reason
137258,Emotions
137259,Control
137260,Reason
137261,Control
137262,Reason
137263,Control
137264,Control
137265,Control
137266,Control
137267,Control
137268,Emotions
137269,Control
137270,Control
137271,Control
137272,Emotions
137273,Emotions
137274,Emotions
137275,Emotions
137276,Control
137277,Reason
137278,Emotions
137279,Control
137280,Control
137281,Reason
137282,Emotions
137283,Emotions
137284,Reason
137285,Emotions
137286,Reason
137287,Emotions
137288,Control
137289,Emotions
137290,Emotions
137291,Reason
137292,Emotions
137293,Emotions
137294,Control
137295,Reason
137296,Reason
137297,Emotions
137298,Control
137299,Reason
137300,Control
137301,Reason
137302,Emotions
137303,Control
137304,Emotions
137305,Control
137306,Reason
137307,Emotions
137308,Reason
137309,Control
137310,Emotions
137311,Control
137312,Reason
137313,Control
137314,Reason
137315,Emotions
137316,Control
137317,Control
137318,Reason
137319,Emotions
137320,Emotions
137321,Control
137322,Emotions
137323,Control
137324,Reason
137325,Reason
137326,Reason
137327,Control
137328,Control
137329,Reason
137330,Control
137331,Reason
137332,Emotions
137333,Reason
137334,Control
137335,Control
137336,Reason
137337,Control
137338,Control
137339,Reason
137340,Reason
137341,Reason
137342,Control
137343,Emotions
137344,Control
137345,Control
137346,Emotions
137347,Emotions
137348,Reason
137349,Control
137350,Control
137351,Emotions
137352,Emotions
137353,Control
137354,Reason
137355,Reason
137356,Reason
137357,Control
137358,Emotions
137359,Control
137360,Reason
137361,Reason
137362,Reason
137363,Reason
137364,Control
137365,Reason
137366,Control
137367,Emotions
137368,Control
137369,Control
137370,Control
137371,Reason
137372,Emotions
137373,Reason
137374,Reason
137375,Control
137376,Reason
137377,Emotions
137378,Control
137379,Control
137380,Emotions
137381,Emotions
137382,Emotions
137383,Emotions
137384,Emotions
137385,Reason
137386,Reason
137387,Reason
137388,Emotions
137389,Control
137390,Reason
137391,Emotions
137392,Control
137393,Emotions
137394,Control
137395,Control
137396,Reason
137397,Control
137398,Reason
137399,Control
137400,Emotions
137401,Reason
137402,Emotions
137403,Control
137404,Control
137405,Control
137406,Control
137407,Emotions
137408,Control
137409,Emotions
137410,Emotions
137411,Emotions
137412,Control
137413,Reason
137414,Emotions
137415,Reason
137416,Reason
137417,Emotions
137418,Control
137419,Control
137420,Reason
137421,Emotions
137422,Control
137423,Reason
137424,Emotions
137425,Control
137426,Emotions
137427,Control
137428,Reason
137429,Emotions
137430,Emotions
137431,Control
137432,Control
137433,Control
137434,Control
137435,Reason
137436,Emotions
137437,Control
137438,Reason
137439,Emotions
137440,Emotions
137441,Control
137442,Emotions
137443,Control
137444,Emotions
137445,Emotions
137446,Reason
137447,Reason
137448,Reason
137449,Control
137450,Emotions
137451,Control
137452,Control
137453,Emotions
137454,Reason
137455,Control
137456,Emotions
137457,Reason
137458,Control
137459,Reason
137460,Control
137461,Reason
137462,Reason
137463,Control
137464,Emotions
137465,Control
137466,Reason
137467,Control
137468,Control
137469,Reason
137470,Emotions
137471,Control
137472,Control
137473,Reason
137474,Reason
137475,Emotions
137476,Control
137477,Control
137478,Reason
137479,Emotions
137480,Reason
137481,Control
137482,Emotions
137483,Emotions
137484,Control
137485,Reason
137486,Control
137487,Emotions
137488,Control
137489,Control
137490,Reason
137491,Control
137492,Reason
137493,Control
137494,Emotions
137495,Emotions
137496,Emotions
137497,Control
137498,Emotions
137499,Reason
137500,Control
137501,Reason
137502,Reason
137503,Emotions
137504,Control
137505,Reason
137506,Control
137507,Reason
137508,Reason
137509,Emotions
137510,Reason
137511,Reason
137512,Emotions
137513,Reason
137514,Emotions
137515,Reason
137516,Control
137517,Control
137518,Reason
137519,Reason
137520,Control
137521,Emotions
137522,Control
137523,Control
137524,Control
137525,Emotions
137526,Emotions
137527,Reason
137528,Emotions
137529,Reason
137530,Emotions
137531,Emotions
137532,Reason
137533,Control
137534,Emotions
137535,Control
137536,Reason
137537,Reason
137538,Control
137539,Emotions
137540,Reason
137541,Reason
137542,Control
137543,Emotions
137544,Control
137545,Emotions
137546,Reason
137547,Emotions
137548,Control
137549,Control
137550,Emotions
137551,Control
137552,Reason
137553,Emotions
137554,Reason
137555,Reason
137556,Reason
137557,Control
137558,Control
137559,Reason
137560,Reason
137561,Emotions
137562,Reason
137563,Emotions
137564,Control
137565,Control
137566,Reason
137567,Emotions
137568,Emotions
137569,Reason
137570,Control
137571,Reason
137572,Emotions
137573,Emotions
137574,Reason
137575,Reason
137576,Reason
137577,Reason
137578,Control
137579,Emotions
137580,Control
137581,Reason
137582,Control
137583,Reason
137584,Emotions
137585,Control
137586,Reason
137587,Emotions
137588,Control
137589,Reason
137590,Emotions
137591,Emotions
137592,Emotions
137593,Emotions
137594,Control
137595,Reason
137596,Reason
137597,Emotions
137598,Emotions
137599,Reason
137600,Control
137601,Emotions
137602,Emotions
137603,Reason
137604,Reason
137605,Emotions
137606,Control
137607,Emotions
137608,Reason
137609,Control
137610,Reason
137611,Emotions
137612,Reason
137613,Control
137614,Control
137615,Emotions
137616,Control
137617,Control
137618,Reason
137619,Control
137620,Reason
137621,Reason
137622,Emotions
137623,Emotions
137624,Control
137625,Reason
137626,Reason
137627,Reason
137628,Emotions
137629,Reason
137630,Control
137631,Emotions
137632,Control
137633,Reason
137634,Emotions
137635,Reason
137636,Reason
137637,Control
137638,Control
137639,Reason
137640,Emotions
137641,Reason
137642,Control
137643,Emotions
137644,Reason
137645,Control
137646,Control
137647,Control
137648,Emotions
137649,Emotions
137650,Reason
137651,Emotions
137652,Emotions
137653,Emotions
137654,Emotions
137655,Emotions
137656,Reason
137657,Control
137658,Reason
137659,Emotions
137660,Reason
137661,Control
137662,Control
137663,Reason
137664,Emotions
137665,Emotions
137666,Emotions
137667,Emotions
137668,Emotions
137669,Reason
137670,Control
137671,Control
137672,Reason
137673,Control
137674,Reason
137675,Reason
137676,Emotions
137677,Reason
137678,Reason
137679,Reason
137680,Emotions
137681,Control
137682,Control
137683,Control
137684,Emotions
137685,Emotions
137686,Emotions
137687,Reason
137688,Emotions
137689,Control
137690,Control
137691,Reason
137692,Emotions
137693,Emotions
137694,Emotions
137695,Reason
137696,Emotions
137697,Reason
137698,Reason
137699,Reason
137700,Emotions
137701,Emotions
137702,Reason
137703,Emotions
137704,Control
137705,Control
137706,Reason
137707,Control
137708,Reason
137709,Emotions
137710,Emotions
137711,Control
137712,Control
137713,Reason
137714,Emotions
137715,Control
137716,Reason
137717,Emotions
137718,Emotions
137719,Control
137720,Emotions
137721,Emotions
137722,Reason
137723,Emotions
137724,Emotions
137725,Emotions
137726,Emotions
137727,Emotions
137728,Emotions
137729,Emotions
137730,Control
137731,Emotions
137732,Emotions
137733,Emotions
137734,Control
137735,Emotions
137736,Control
137737,Control
137738,Control
137739,Control
137740,Control
137741,Control
137742,Emotions
137743,Reason
137744,Reason
137745,Emotions
137746,Reason
137747,Emotions
137748,Emotions
137749,Reason
137750,Control
137751,Emotions
137752,Emotions
137753,Reason
137754,Emotions
137755,Reason
137756,Reason
137757,Control
137758,Reason
137759,Control
137760,Emotions
137761,Reason
137762,Reason
137763,Control
137764,Reason
137765,Emotions
137766,Emotions
137767,Emotions
137768,Control
137769,Emotions
137770,Emotions
137771,Emotions
137772,Emotions
137773,Emotions
137774,Reason
137775,Control
137776,Emotions
137777,Emotions
137778,Reason
137779,Emotions
137780,Emotions
137781,Control
137782,Emotions
137783,Reason
137784,Control
137785,Reason
137786,Reason
137787,Emotions
137788,Emotions
137789,Reason
137790,Emotions
137791,Control
137792,Emotions
137793,Emotions
137794,Reason
137795,Reason
137796,Control
137797,Emotions
137798,Reason
137799,Reason
137800,Reason
137801,Reason
137802,Reason
137803,Emotions
137804,Reason
137805,Emotions
137806,Reason
137807,Reason
137808,Emotions
137809,Control
137810,Reason
137811,Reason
137812,Control
137813,Control
137814,Reason
137815,Emotions
137816,Control
137817,Emotions
137818,Control
137819,Control
137820,Emotions
137821,Reason
137822,Reason
137823,Reason
137824,Emotions
137825,Reason
137826,Control
137827,Reason
137828,Reason
137829,Reason
137830,Emotions
137831,Reason
137832,Emotions
137833,Control
137834,Reason
137835,Reason
137836,Reason
137837,Emotions
137838,Emotions
137839,Emotions
137840,Reason
137841,Emotions
137842,Emotions
137843,Emotions
137844,Emotions
137845,Control
137846,Emotions
137847,Emotions
137848,Emotions
137849,Emotions
137850,Emotions
137851,Emotions
137852,Emotions
137853,Reason
137854,Reason
137855,Control
137856,Reason
137857,Emotions
137858,Emotions
137859,Reason
137860,Control
137861,Control
137862,Control
137863,Emotions
137864,Emotions
137865,Emotions
137866,Reason
137867,Emotions
137868,Emotions
137869,Control
137870,Emotions
137871,Reason
137872,Control
137873,Reason
137874,Control
137875,Control
137876,Control
137877,Control
137878,Reason
137879,Emotions
137880,Reason
137881,Reason
137882,Emotions
137883,Reason
137884,Emotions
137885,Reason
137886,Control
137887,Emotions
137888,Control
137889,Control
137890,Emotions
137891,Control
137892,Reason
137893,Control
137894,Control
137895,Control
137896,Reason
137897,Reason
137898,Reason
137899,Control
137900,Emotions
137901,Reason
137902,Emotions
137903,Control
137904,Control
137905,Control
137906,Control
137907,Control
137908,Control
137909,Emotions
137910,Reason
137911,Reason
137912,Reason
137913,Reason
137914,Emotions
137915,Control
137916,Emotions
137917,Control
137918,Control
137919,Control
137920,Control
137921,Reason
137922,Emotions
137923,Control
137924,Reason
137925,Emotions
137926,Emotions
137927,Reason
137928,Control
137929,Reason
137930,Emotions
137931,Reason
137932,Reason
137933,Control
137934,Control
137935,Reason
137936,Reason
137937,Control
137938,Control
137939,Emotions
137940,Emotions
137941,Control
137942,Control
137943,Reason
137944,Control
137945,Emotions
137946,Emotions
137947,Control
137948,Emotions
137949,Reason
137950,Emotions
137951,Reason
137952,Reason
137953,Emotions
137954,Reason
137955,Control
137956,Reason
137957,Reason
137958,Emotions
137959,Emotions
137960,Control
137961,Reason
137962,Control
137963,Emotions
137964,Emotions
137965,Reason
137966,Control
137967,Control
137968,Control
137969,Control
137970,Control
137971,Reason
137972,Control
137973,Control
137974,Reason
137975,Reason
137976,Emotions
137977,Reason
137978,Emotions
137979,Control
137980,Reason
137981,Reason
137982,Reason
137983,Reason
137984,Emotions
137985,Emotions
137986,Emotions
137987,Reason
137988,Control
137989,Reason
137990,Emotions
137991,Emotions
137992,Reason
137993,Reason
137994,Emotions
137995,Control
137996,Emotions
137997,Emotions
137998,Reason
137999,Emotions
138000,Emotions
138001,Reason
138002,Reason
138003,Reason
138004,Emotions
138005,Reason
138006,Control
138007,Reason
138008,Emotions
138009,Reason
138010,Control
138011,Reason
138012,Control
138013,Emotions
138014,Emotions
138015,Emotions
138016,Control
138017,Control
138018,Emotions
138019,Control
138020,Control
138021,Reason
138022,Control
138023,Control
138024,Emotions
138025,Emotions
138026,Control
138027,Reason
138028,Reason
138029,Control
138030,Emotions
138031,Emotions
138032,Reason
138033,Reason
138034,Emotions
138035,Control
138036,Reason
138037,Reason
138038,Control
138039,Control
138040,Control
138041,Reason
138042,Reason
138043,Emotions
138044,Control
138045,Emotions
138046,Reason
138047,Control
138048,Reason
138049,Reason
138050,Reason
138051,Control
138052,Control
138053,Reason
138054,Control
138055,Emotions
138056,Emotions
138057,Reason
138058,Emotions
138059,Reason
138060,Reason
138061,Reason
138062,Control
138063,Control
138064,Reason
138065,Reason
138066,Emotions
138067,Control
138068,Control
138069,Reason
138070,Reason
138071,Control
138072,Reason
138073,Reason
138074,Emotions
138075,Control
138076,Emotions
138077,Emotions
138078,Reason
138079,Emotions
138080,Reason
138081,Reason
138082,Control
138083,Emotions
138084,Reason
138085,Control
138086,Control
138087,Emotions
138088,Emotions
138089,Reason
138090,Emotions
138091,Emotions
138092,Control
138093,Control
138094,Reason
138095,Reason
138096,Control
138097,Reason
138098,Emotions
138099,Reason
138100,Reason
138101,Emotions
138102,Reason
138103,Control
138104,Control
138105,Reason
138106,Control
138107,Control
138108,Control
138109,Emotions
138110,Control
138111,Emotions
138112,Reason
138113,Reason
138114,Control
138115,Emotions
138116,Reason
138117,Control
138118,Reason
138119,Emotions
138120,Control
138121,Reason
138122,Emotions
138123,Control
138124,Control
138125,Control
138126,Control
138127,Reason
138128,Reason
138129,Control
138130,Reason
138131,Control
138132,Reason
138133,Reason
138134,Reason
138135,Emotions
138136,Emotions
138137,Emotions
138138,Emotions
138139,Emotions
138140,Control
138141,Control
138142,Control
138143,Reason
138144,Control
138145,Reason
138146,Emotions
138147,Control
138148,Reason
138149,Control
138150,Emotions
138151,Emotions
138152,Control
138153,Emotions
138154,Control
138155,Control
138156,Control
138157,Reason
138158,Control
138159,Emotions
138160,Control
138161,Emotions
138162,Reason
138163,Control
138164,Emotions
138165,Control
138166,Reason
138167,Control
138168,Control
138169,Emotions
138170,Reason
138171,Reason
138172,Control
138173,Reason
138174,Emotions
138175,Reason
138176,Control
138177,Emotions
138178,Reason
138179,Reason
138180,Control
138181,Control
138182,Control
138183,Reason
138184,Emotions
138185,Emotions
138186,Control
138187,Emotions
138188,Control
138189,Reason
138190,Control
138191,Emotions
138192,Emotions
138193,Emotions
138194,Emotions
138195,Reason
138196,Emotions
138197,Control
138198,Reason
138199,Control
138200,Emotions
138201,Control
138202,Emotions
138203,Control
138204,Emotions
138205,Control
138206,Control
138207,Emotions
138208,Emotions
138209,Emotions
138210,Reason
138211,Reason
138212,Control
138213,Reason
138214,Control
138215,Reason
138216,Emotions
138217,Control
138218,Emotions
138219,Reason
138220,Control
138221,Control
138222,Emotions
138223,Reason
138224,Reason
138225,Emotions
138226,Emotions
138227,Reason
138228,Emotions
138229,Control
138230,Emotions
138231,Control
138232,Control
138233,Emotions
138234,Control
138235,Control
138236,Control
138237,Emotions
138238,Reason
138239,Reason
138240,Emotions
138241,Reason
138242,Reason
138243,Control
138244,Emotions
138245,Emotions
138246,Emotions
138247,Emotions
138248,Control
138249,Emotions
138250,Emotions
138251,Control
138252,Emotions
138253,Control
138254,Reason
138255,Control
138256,Emotions
138257,Reason
138258,Emotions
138259,Control
138260,Reason
138261,Control
138262,Reason
138263,Control
138264,Emotions
138265,Control
138266,Reason
138267,Emotions
138268,Reason
138269,Emotions
138270,Emotions
138271,Reason
138272,Reason
138273,Reason
138274,Emotions
138275,Emotions
138276,Emotions
138277,Emotions
138278,Emotions
138279,Control
138280,Reason
138281,Control
138282,Control
138283,Emotions
138284,Emotions
138285,Reason
138286,Reason
138287,Emotions
138288,Emotions
138289,Emotions
138290,Control
138291,Control
138292,Control
138293,Control
138294,Emotions
138295,Reason
138296,Emotions
138297,Emotions
138298,Emotions
138299,Emotions
138300,Reason
138301,Control
138302,Control
138303,Reason
138304,Reason
138305,Control
138306,Emotions
138307,Emotions
138308,Reason
138309,Control
138310,Control
138311,Reason
138312,Control
138313,Emotions
138314,Reason
138315,Emotions
138316,Control
138317,Control
138318,Reason
138319,Control
138320,Control
138321,Emotions
138322,Control
138323,Control
138324,Control
138325,Reason
138326,Control
138327,Emotions
138328,Reason
138329,Reason
138330,Emotions
138331,Reason
138332,Control
138333,Reason
138334,Reason
138335,Reason
138336,Emotions
138337,Emotions
138338,Control
138339,Reason
138340,Control
138341,Reason
138342,Control
138343,Emotions
138344,Control
138345,Control
138346,Control
138347,Reason
138348,Control
138349,Control
138350,Reason
138351,Emotions
138352,Reason
138353,Control
138354,Control
138355,Reason
138356,Emotions
138357,Control
138358,Control
138359,Control
138360,Control
138361,Reason
138362,Reason
138363,Reason
138364,Reason
138365,Reason
138366,Emotions
138367,Reason
138368,Control
138369,Control
138370,Emotions
138371,Control
138372,Reason
138373,Emotions
138374,Reason
138375,Emotions
138376,Emotions
138377,Reason
138378,Reason
138379,Control
138380,Control
138381,Emotions
138382,Emotions
138383,Reason
138384,Control
138385,Reason
138386,Control
138387,Reason
138388,Emotions
138389,Emotions
138390,Control
138391,Control
138392,Emotions
138393,Control
138394,Control
138395,Reason
138396,Reason
138397,Emotions
138398,Reason
138399,Control
138400,Emotions
138401,Emotions
138402,Reason
138403,Emotions
138404,Emotions
138405,Emotions
138406,Emotions
138407,Emotions
138408,Control
138409,Control
138410,Emotions
138411,Control
138412,Reason
138413,Control
138414,Emotions
138415,Emotions
138416,Control
138417,Emotions
138418,Emotions
138419,Emotions
138420,Control
138421,Control
138422,Reason
138423,Emotions
138424,Control
138425,Control
138426,Control
138427,Reason
138428,Emotions
138429,Emotions
138430,Control
138431,Control
138432,Control
138433,Control
138434,Emotions
138435,Control
138436,Emotions
138437,Control
138438,Control
138439,Control
138440,Emotions
138441,Emotions
138442,Reason
138443,Control
138444,Control
138445,Control
138446,Emotions
138447,Control
138448,Control
138449,Emotions
138450,Emotions
138451,Emotions
138452,Emotions
138453,Emotions
138454,Reason
138455,Reason
138456,Control
138457,Emotions
138458,Reason
138459,Emotions
138460,Emotions
138461,Control
138462,Emotions
138463,Control
138464,Emotions
138465,Control
138466,Reason
138467,Control
138468,Control
138469,Control
138470,Emotions
138471,Emotions
138472,Reason
138473,Emotions
138474,Emotions
138475,Control
138476,Emotions
138477,Control
138478,Emotions
138479,Control
138480,Emotions
138481,Emotions
138482,Control
138483,Reason
138484,Reason
138485,Reason
138486,Reason
138487,Emotions
138488,Control
138489,Control
138490,Emotions
138491,Reason
138492,Reason
138493,Emotions
138494,Control
138495,Reason
138496,Reason
138497,Reason
138498,Reason
138499,Emotions
138500,Reason
138501,Control
138502,Reason
138503,Emotions
138504,Emotions
138505,Emotions
138506,Control
138507,Control
138508,Reason
138509,Control
138510,Control
138511,Control
138512,Control
138513,Emotions
138514,Reason
138515,Control
138516,Emotions
138517,Control
138518,Reason
138519,Emotions
138520,Control
138521,Control
138522,Control
138523,Reason
138524,Control
138525,Reason
138526,Reason
138527,Reason
138528,Emotions
138529,Reason
138530,Emotions
138531,Emotions
138532,Emotions
138533,Control
138534,Emotions
138535,Reason
138536,Reason
138537,Reason
138538,Reason
138539,Control
138540,Emotions
138541,Control
138542,Reason
138543,Reason
138544,Reason
138545,Reason
138546,Control
138547,Reason
138548,Emotions
138549,Control
138550,Emotions
138551,Emotions
138552,Control
138553,Reason
138554,Emotions
138555,Control
138556,Reason
138557,Control
138558,Reason
138559,Control
138560,Reason
138561,Control
138562,Emotions
138563,Control
138564,Reason
138565,Emotions
138566,Control
138567,Control
138568,Emotions
138569,Control
138570,Emotions
138571,Emotions
138572,Reason
138573,Emotions
138574,Emotions
138575,Emotions
138576,Reason
138577,Emotions
138578,Emotions
138579,Reason
138580,Reason
138581,Emotions
138582,Reason
138583,Reason
138584,Reason
138585,Emotions
138586,Reason
138587,Emotions
138588,Emotions
138589,Reason
138590,Emotions
138591,Control
138592,Reason
138593,Emotions
138594,Control
138595,Reason
138596,Reason
138597,Emotions
138598,Emotions
138599,Control
138600,Emotions
138601,Emotions
138602,Reason
138603,Reason
138604,Reason
138605,Control
138606,Emotions
138607,Emotions
138608,Emotions
138609,Control
138610,Control
138611,Control
138612,Reason
138613,Control
138614,Reason
138615,Emotions
138616,Control
138617,Emotions
138618,Control
138619,Control
138620,Emotions
138621,Reason
138622,Control
138623,Reason
138624,Reason
138625,Control
138626,Emotions
138627,Control
138628,Reason
138629,Reason
138630,Emotions
138631,Control
138632,Reason
138633,Reason
138634,Control
138635,Control
138636,Reason
138637,Control
138638,Emotions
138639,Emotions
138640,Emotions
138641,Emotions
138642,Reason
138643,Emotions
138644,Reason
138645,Reason
138646,Reason
138647,Emotions
138648,Reason
138649,Reason
138650,Control
138651,Control
138652,Control
138653,Emotions
138654,Control
138655,Control
138656,Emotions
138657,Emotions
138658,Control
138659,Reason
138660,Emotions
138661,Emotions
138662,Reason
138663,Emotions
138664,Emotions
138665,Control
138666,Emotions
138667,Control
138668,Control
138669,Reason
138670,Reason
138671,Emotions
138672,Control
138673,Emotions
138674,Reason
138675,Control
138676,Reason
138677,Control
138678,Reason
138679,Reason
138680,Emotions
138681,Emotions
138682,Emotions
138683,Reason
138684,Emotions
138685,Control
138686,Emotions
138687,Reason
138688,Control
138689,Control
138690,Control
138691,Reason
138692,Control
138693,Control
138694,Reason
138695,Emotions
138696,Control
138697,Reason
138698,Reason
138699,Emotions
138700,Reason
138701,Emotions
138702,Control
138703,Emotions
138704,Control
138705,Control
138706,Emotions
138707,Control
138708,Control
138709,Emotions
138710,Control
138711,Control
138712,Control
138713,Emotions
138714,Control
138715,Reason
138716,Reason
138717,Control
138718,Control
138719,Emotions
138720,Control
138721,Control
138722,Emotions
138723,Control
138724,Control
138725,Control
138726,Reason
138727,Control
138728,Reason
138729,Reason
138730,Control
138731,Control
138732,Control
138733,Control
138734,Reason
138735,Reason
138736,Emotions
138737,Control
138738,Control
138739,Control
138740,Emotions
138741,Reason
138742,Reason
138743,Emotions
138744,Reason
138745,Reason
138746,Control
138747,Control
138748,Reason
138749,Reason
138750,Reason
138751,Emotions
138752,Reason
138753,Control
138754,Reason
138755,Reason
138756,Control
138757,Reason
138758,Reason
138759,Emotions
138760,Reason
138761,Reason
138762,Control
138763,Control
138764,Emotions
138765,Emotions
138766,Emotions
138767,Reason
138768,Emotions
138769,Reason
138770,Emotions
138771,Emotions
138772,Emotions
138773,Reason
138774,Emotions
138775,Control
138776,Reason
138777,Reason
138778,Reason
138779,Reason
138780,Control
138781,Control
138782,Control
138783,Emotions
138784,Reason
138785,Control
138786,Emotions
138787,Control
138788,Reason
138789,Reason
138790,Reason
138791,Reason
138792,Control
138793,Control
138794,Control
138795,Control
138796,Emotions
138797,Reason
138798,Control
138799,Control
138800,Control
138801,Emotions
138802,Control
138803,Control
138804,Control
138805,Control
138806,Control
138807,Reason
138808,Emotions
138809,Reason
138810,Reason
138811,Reason
138812,Control
138813,Reason
138814,Reason
138815,Control
138816,Reason
138817,Reason
138818,Control
138819,Reason
138820,Reason
138821,Emotions
138822,Reason
138823,Control
138824,Emotions
138825,Control
138826,Control
138827,Reason
138828,Reason
138829,Reason
138830,Reason
138831,Control
138832,Emotions
138833,Reason
138834,Control
138835,Reason
138836,Control
138837,Reason
138838,Reason
138839,Reason
138840,Reason
138841,Reason
138842,Control
138843,Emotions
138844,Reason
138845,Emotions
138846,Control
138847,Emotions
138848,Emotions
138849,Reason
138850,Control
138851,Emotions
138852,Emotions
138853,Reason
138854,Reason
138855,Reason
138856,Emotions
138857,Reason
138858,Emotions
138859,Reason
138860,Emotions
138861,Reason
138862,Emotions
138863,Reason
138864,Emotions
138865,Control
138866,Control
138867,Control
138868,Control
138869,Reason
138870,Reason
138871,Emotions
138872,Control
138873,Emotions
138874,Emotions
138875,Emotions
138876,Emotions
138877,Reason
138878,Control
138879,Emotions
138880,Emotions
138881,Reason
138882,Control
138883,Reason
138884,Reason
138885,Emotions
138886,Reason
138887,Reason
138888,Emotions
138889,Reason
138890,Reason
138891,Emotions
138892,Emotions
138893,Reason
138894,Reason
138895,Reason
138896,Control
138897,Emotions
138898,Emotions
138899,Emotions
138900,Emotions
138901,Control
138902,Control
138903,Control
138904,Control
138905,Control
138906,Control
138907,Control
138908,Emotions
138909,Reason
138910,Reason
138911,Emotions
138912,Emotions
138913,Control
138914,Emotions
138915,Emotions
138916,Emotions
138917,Reason
138918,Control
138919,Reason
138920,Control
138921,Control
138922,Emotions
138923,Emotions
138924,Reason
138925,Control
138926,Reason
138927,Reason
138928,Reason
138929,Control
138930,Emotions
138931,Control
138932,Reason
138933,Control
138934,Control
138935,Reason
138936,Reason
138937,Emotions
138938,Reason
138939,Control
138940,Control
138941,Control
138942,Emotions
138943,Emotions
138944,Reason
138945,Emotions
138946,Reason
138947,Reason
138948,Emotions
138949,Reason
138950,Reason
138951,Reason
138952,Control
138953,Control
138954,Reason
138955,Control
138956,Reason
138957,Emotions
138958,Emotions
138959,Reason
138960,Control
138961,Control
138962,Reason
138963,Control
138964,Emotions
138965,Emotions
138966,Reason
138967,Control
138968,Control
138969,Emotions
138970,Reason
138971,Reason
138972,Reason
138973,Control
138974,Control
138975,Emotions
138976,Reason
138977,Emotions
138978,Reason
138979,Emotions
138980,Reason
138981,Emotions
138982,Control
138983,Emotions
138984,Emotions
138985,Control
138986,Control
138987,Control
138988,Control
138989,Reason
138990,Control
138991,Reason
138992,Control
138993,Control
138994,Reason
138995,Emotions
138996,Reason
138997,Reason
138998,Reason
138999,Emotions
139000,Reason
139001,Control
139002,Reason
139003,Control
139004,Emotions
139005,Control
139006,Reason
139007,Control
139008,Reason
139009,Reason
139010,Emotions
139011,Emotions
139012,Reason
139013,Control
139014,Reason
139015,Reason
139016,Reason
139017,Control
139018,Emotions
139019,Emotions
139020,Reason
139021,Reason
139022,Emotions
139023,Emotions
139024,Control
139025,Emotions
139026,Reason
139027,Emotions
139028,Control
139029,Emotions
139030,Control
139031,Control
139032,Emotions
139033,Reason
139034,Control
139035,Emotions
139036,Emotions
139037,Emotions
139038,Control
139039,Emotions
139040,Emotions
139041,Control
139042,Emotions
139043,Control
139044,Control
139045,Emotions
139046,Reason
139047,Control
139048,Reason
139049,Control
139050,Control
139051,Emotions
139052,Control
139053,Emotions
139054,Control
139055,Reason
139056,Control
139057,Reason
139058,Control
139059,Reason
139060,Emotions
139061,Reason
139062,Reason
139063,Control
139064,Control
139065,Control
139066,Emotions
139067,Control
139068,Emotions
139069,Emotions
139070,Emotions
139071,Control
139072,Reason
139073,Emotions
139074,Reason
139075,Reason
139076,Control
139077,Control
139078,Reason
139079,Control
139080,Control
139081,Reason
139082,Emotions
139083,Emotions
139084,Control
139085,Reason
139086,Reason
139087,Control
139088,Reason
139089,Reason
139090,Reason
139091,Control
139092,Control
139093,Reason
139094,Reason
139095,Reason
139096,Emotions
139097,Emotions
139098,Control
139099,Emotions
139100,Emotions
139101,Emotions
139102,Control
139103,Emotions
139104,Reason
139105,Emotions
139106,Reason
139107,Emotions
139108,Control
139109,Control
139110,Reason
139111,Control
139112,Control
139113,Control
139114,Reason
139115,Emotions
139116,Control
139117,Emotions
139118,Emotions
139119,Emotions
139120,Emotions
139121,Emotions
139122,Reason
139123,Control
139124,Control
139125,Emotions
139126,Emotions
139127,Emotions
139128,Reason
139129,Emotions
139130,Emotions
139131,Emotions
139132,Emotions
139133,Reason
139134,Emotions
139135,Control
139136,Control
139137,Emotions
139138,Control
139139,Emotions
139140,Emotions
139141,Reason
139142,Reason
139143,Control
139144,Control
139145,Emotions
139146,Emotions
139147,Control
139148,Emotions
139149,Emotions
139150,Emotions
139151,Reason
139152,Control
139153,Reason
139154,Control
139155,Control
139156,Control
139157,Reason
139158,Emotions
139159,Emotions
139160,Emotions
139161,Control
139162,Reason
139163,Emotions
139164,Control
139165,Control
139166,Control
139167,Emotions
139168,Control
139169,Control
139170,Control
139171,Reason
139172,Reason
139173,Emotions
139174,Emotions
139175,Control
139176,Reason
139177,Control
139178,Emotions
139179,Control
139180,Emotions
139181,Control
139182,Emotions
139183,Reason
139184,Reason
139185,Reason
139186,Emotions
139187,Emotions
139188,Emotions
139189,Reason
139190,Emotions
139191,Emotions
139192,Control
139193,Control
139194,Control
139195,Control
139196,Reason
139197,Control
139198,Reason
139199,Reason
139200,Emotions
139201,Reason
139202,Reason
139203,Control
139204,Emotions
139205,Reason
139206,Emotions
139207,Reason
139208,Reason
139209,Control
139210,Control
139211,Reason
139212,Control
139213,Reason
139214,Emotions
139215,Control
139216,Reason
139217,Reason
139218,Emotions
139219,Reason
139220,Reason
139221,Control
139222,Reason
139223,Emotions
139224,Control
139225,Reason
139226,Control
139227,Control
139228,Control
139229,Control
139230,Control
139231,Emotions
139232,Control
139233,Emotions
139234,Emotions
139235,Reason
139236,Control
139237,Emotions
139238,Reason
139239,Reason
139240,Emotions
139241,Control
139242,Emotions
139243,Control
139244,Control
139245,Reason
139246,Reason
139247,Reason
139248,Reason
139249,Control
139250,Emotions
139251,Emotions
139252,Reason
139253,Reason
139254,Reason
139255,Control
139256,Control
139257,Control
139258,Reason
139259,Emotions
139260,Emotions
139261,Control
139262,Control
139263,Reason
139264,Emotions
139265,Control
139266,Emotions
139267,Reason
139268,Control
139269,Reason
139270,Emotions
139271,Emotions
139272,Emotions
139273,Control
139274,Reason
139275,Emotions
139276,Emotions
139277,Reason
139278,Reason
139279,Control
139280,Emotions
139281,Reason
139282,Reason
139283,Reason
139284,Reason
139285,Control
139286,Control
139287,Reason
139288,Reason
139289,Reason
139290,Reason
139291,Control
139292,Emotions
139293,Control
139294,Emotions
139295,Emotions
139296,Control
139297,Reason
139298,Control
139299,Reason
139300,Reason
139301,Emotions
139302,Emotions
139303,Reason
139304,Control
139305,Reason
139306,Control
139307,Control
139308,Control
139309,Reason
139310,Control
139311,Control
139312,Control
139313,Reason
139314,Control
139315,Control
139316,Reason
139317,Emotions
139318,Reason
139319,Reason
139320,Control
139321,Emotions
139322,Control
139323,Emotions
139324,Emotions
139325,Reason
139326,Reason
139327,Emotions
139328,Control
139329,Reason
139330,Reason
139331,Emotions
139332,Emotions
139333,Reason
139334,Control
139335,Emotions
139336,Reason
139337,Control
139338,Emotions
139339,Emotions
139340,Emotions
139341,Emotions
139342,Control
139343,Control
139344,Control
139345,Emotions
139346,Reason
139347,Emotions
139348,Reason
139349,Control
139350,Emotions
139351,Emotions
139352,Reason
139353,Reason
139354,Control
139355,Control
139356,Reason
139357,Reason
139358,Reason
139359,Emotions
139360,Control
139361,Control
139362,Control
139363,Control
139364,Reason
139365,Reason
139366,Emotions
139367,Emotions
139368,Control
139369,Control
139370,Reason
139371,Control
139372,Emotions
139373,Reason
139374,Reason
139375,Control
139376,Control
139377,Emotions
139378,Emotions
139379,Emotions
139380,Emotions
139381,Emotions
139382,Control
139383,Control
139384,Control
139385,Reason
139386,Control
139387,Reason
139388,Control
139389,Reason
139390,Reason
139391,Reason
139392,Emotions
139393,Reason
139394,Reason
139395,Control
139396,Control
139397,Emotions
139398,Reason
139399,Reason
139400,Reason
139401,Reason
139402,Reason
139403,Control
139404,Emotions
139405,Emotions
139406,Emotions
139407,Reason
139408,Emotions
139409,Emotions
139410,Reason
139411,Emotions
139412,Reason
139413,Control
139414,Emotions
139415,Reason
139416,Emotions
139417,Emotions
139418,Control
139419,Control
139420,Reason
139421,Reason
139422,Control
139423,Reason
139424,Reason
139425,Control
139426,Emotions
139427,Emotions
139428,Emotions
139429,Emotions
139430,Control
139431,Emotions
139432,Control
139433,Emotions
139434,Emotions
139435,Emotions
139436,Control
139437,Reason
139438,Control
139439,Control
139440,Reason
139441,Reason
139442,Control
139443,Control
139444,Reason
139445,Reason
139446,Reason
139447,Emotions
139448,Reason
139449,Emotions
139450,Control
139451,Control
139452,Control
139453,Emotions
139454,Reason
139455,Emotions
139456,Emotions
139457,Control
139458,Reason
139459,Reason
139460,Reason
139461,Control
139462,Reason
139463,Emotions
139464,Emotions
139465,Control
139466,Emotions
139467,Reason
139468,Emotions
139469,Emotions
139470,Emotions
139471,Emotions
139472,Reason
139473,Control
139474,Control
139475,Control
139476,Emotions
139477,Reason
139478,Control
139479,Control
139480,Control
139481,Reason
139482,Control
139483,Reason
139484,Emotions
139485,Reason
139486,Emotions
139487,Control
139488,Control
139489,Emotions
139490,Control
139491,Reason
139492,Control
139493,Emotions
139494,Emotions
139495,Reason
139496,Reason
139497,Emotions
139498,Emotions
139499,Control
139500,Control
139501,Reason
139502,Emotions
139503,Reason
139504,Control
139505,Emotions
139506,Emotions
139507,Emotions
139508,Control
139509,Emotions
139510,Control
139511,Emotions
139512,Reason
139513,Reason
139514,Emotions
139515,Control
139516,Reason
139517,Emotions
139518,Control
139519,Reason
139520,Reason
139521,Control
139522,Reason
139523,Control
139524,Emotions
139525,Reason
139526,Emotions
139527,Control
139528,Emotions
139529,Emotions
139530,Control
139531,Reason
139532,Reason
139533,Emotions
139534,Emotions
139535,Control
139536,Emotions
139537,Emotions
139538,Control
139539,Control
139540,Emotions
139541,Control
139542,Reason
139543,Control
139544,Emotions
139545,Emotions
139546,Reason
139547,Emotions
139548,Emotions
139549,Control
139550,Reason
139551,Control
139552,Emotions
139553,Control
139554,Emotions
139555,Control
139556,Emotions
139557,Emotions
139558,Emotions
139559,Emotions
139560,Reason
139561,Emotions
139562,Reason
139563,Control
139564,Reason
139565,Control
139566,Reason
139567,Emotions
139568,Reason
139569,Reason
139570,Reason
139571,Emotions
139572,Control
139573,Emotions
139574,Emotions
139575,Control
139576,Reason
139577,Reason
139578,Reason
139579,Control
139580,Emotions
139581,Reason
139582,Reason
139583,Emotions
139584,Control
139585,Emotions
139586,Emotions
139587,Emotions
139588,Emotions
139589,Reason
139590,Control
139591,Control
139592,Reason
139593,Emotions
139594,Emotions
139595,Emotions
139596,Emotions
139597,Control
139598,Control
139599,Control
139600,Emotions
139601,Emotions
139602,Control
139603,Control
139604,Emotions
139605,Control
139606,Control
139607,Control
139608,Reason
139609,Reason
139610,Emotions
139611,Emotions
139612,Control
139613,Reason
139614,Reason
139615,Reason
139616,Emotions
139617,Control
139618,Control
139619,Control
139620,Emotions
139621,Reason
139622,Emotions
139623,Control
139624,Reason
139625,Control
139626,Reason
139627,Emotions
139628,Emotions
139629,Reason
139630,Emotions
139631,Reason
139632,Reason
139633,Control
139634,Control
139635,Control
139636,Reason
139637,Reason
139638,Reason
139639,Reason
139640,Control
139641,Emotions
139642,Control
139643,Emotions
139644,Reason
139645,Control
139646,Control
139647,Control
139648,Reason
139649,Control
139650,Reason
139651,Reason
139652,Control
139653,Emotions
139654,Control
139655,Control
139656,Reason
139657,Emotions
139658,Control
139659,Reason
139660,Emotions
139661,Emotions
139662,Emotions
139663,Control
139664,Control
139665,Reason
139666,Reason
139667,Control
139668,Reason
139669,Control
139670,Control
139671,Reason
139672,Reason
139673,Control
139674,Reason
139675,Reason
139676,Control
139677,Reason
139678,Emotions
139679,Emotions
139680,Emotions
139681,Reason
139682,Reason
139683,Control
139684,Control
139685,Control
139686,Control
139687,Emotions
139688,Emotions
139689,Reason
139690,Emotions
139691,Emotions
139692,Control
139693,Reason
139694,Reason
139695,Control
139696,Control
139697,Emotions
139698,Reason
139699,Reason
139700,Control
139701,Emotions
139702,Emotions
139703,Emotions
139704,Control
139705,Control
139706,Control
139707,Reason
139708,Reason
139709,Emotions
139710,Reason
139711,Emotions
139712,Emotions
139713,Emotions
139714,Control
139715,Control
139716,Reason
139717,Control
139718,Emotions
139719,Reason
139720,Reason
139721,Emotions
139722,Control
139723,Emotions
139724,Reason
139725,Control
139726,Control
139727,Reason
139728,Emotions
139729,Emotions
139730,Emotions
139731,Emotions
139732,Reason
139733,Control
139734,Reason
139735,Reason
139736,Emotions
139737,Emotions
139738,Control
139739,Control
139740,Reason
139741,Control
139742,Reason
139743,Emotions
139744,Reason
139745,Reason
139746,Emotions
139747,Control
139748,Emotions
139749,Reason
139750,Control
139751,Emotions
139752,Control
139753,Control
139754,Control
139755,Emotions
139756,Reason
139757,Control
139758,Reason
139759,Reason
139760,Reason
139761,Control
139762,Emotions
139763,Reason
139764,Control
139765,Emotions
139766,Control
139767,Control
139768,Control
139769,Emotions
139770,Control
139771,Control
139772,Emotions
139773,Control
139774,Reason
139775,Control
139776,Control
139777,Emotions
139778,Emotions
139779,Emotions
139780,Control
139781,Emotions
139782,Emotions
139783,Emotions
139784,Control
139785,Emotions
139786,Emotions
139787,Control
139788,Emotions
139789,Control
139790,Emotions
139791,Reason
139792,Control
139793,Control
139794,Emotions
139795,Emotions
139796,Emotions
139797,Emotions
139798,Emotions
139799,Reason
139800,Emotions
139801,Control
139802,Reason
139803,Control
139804,Control
139805,Control
139806,Emotions
139807,Emotions
139808,Emotions
139809,Reason
139810,Emotions
139811,Reason
139812,Reason
139813,Reason
139814,Emotions
139815,Emotions
139816,Emotions
139817,Reason
139818,Reason
139819,Emotions
139820,Emotions
139821,Emotions
139822,Emotions
139823,Control
139824,Emotions
139825,Emotions
139826,Control
139827,Reason
139828,Emotions
139829,Reason
139830,Emotions
139831,Reason
139832,Control
139833,Reason
139834,Reason
139835,Emotions
139836,Emotions
139837,Control
139838,Control
139839,Reason
139840,Control
139841,Reason
139842,Emotions
139843,Control
139844,Reason
139845,Control
139846,Control
139847,Emotions
139848,Reason
139849,Emotions
139850,Emotions
139851,Emotions
139852,Reason
139853,Control
139854,Reason
139855,Emotions
139856,Emotions
139857,Control
139858,Reason
139859,Emotions
139860,Emotions
139861,Reason
139862,Reason
139863,Reason
139864,Emotions
139865,Control
139866,Emotions
139867,Control
139868,Emotions
139869,Emotions
139870,Emotions
139871,Emotions
139872,Control
139873,Emotions
139874,Emotions
139875,Emotions
139876,Emotions
139877,Control
139878,Emotions
139879,Reason
139880,Reason
139881,Control
139882,Reason
139883,Emotions
139884,Emotions
139885,Control
139886,Emotions
139887,Control
139888,Emotions
139889,Control
139890,Reason
139891,Control
139892,Control
139893,Emotions
139894,Control
139895,Emotions
139896,Reason
139897,Reason
139898,Control
139899,Control
139900,Control
139901,Reason
139902,Reason
139903,Emotions
139904,Control
139905,Emotions
139906,Emotions
139907,Control
139908,Control
139909,Control
139910,Reason
139911,Emotions
139912,Control
139913,Control
139914,Emotions
139915,Reason
139916,Emotions
139917,Reason
139918,Control
139919,Control
139920,Control
139921,Reason
139922,Reason
139923,Emotions
139924,Emotions
139925,Reason
139926,Control
139927,Reason
139928,Emotions
139929,Control
139930,Control
139931,Reason
139932,Control
139933,Reason
139934,Emotions
139935,Control
139936,Control
139937,Reason
139938,Reason
139939,Control
139940,Control
139941,Emotions
139942,Emotions
139943,Control
139944,Emotions
139945,Control
139946,Control
139947,Emotions
139948,Control
139949,Reason
139950,Control
139951,Emotions
139952,Emotions
139953,Emotions
139954,Control
139955,Control
139956,Emotions
139957,Reason
139958,Control
139959,Emotions
139960,Reason
139961,Emotions
139962,Emotions
139963,Control
139964,Reason
139965,Control
139966,Control
139967,Reason
139968,Reason
139969,Emotions
139970,Reason
139971,Reason
139972,Emotions
139973,Reason
139974,Control
139975,Reason
139976,Control
139977,Emotions
139978,Reason
139979,Control
139980,Reason
139981,Emotions
139982,Control
139983,Emotions
139984,Reason
139985,Reason
139986,Emotions
139987,Control
139988,Control
139989,Reason
139990,Control
139991,Reason
139992,Control
139993,Control
139994,Reason
139995,Control
139996,Control
139997,Emotions
139998,Reason
139999,Emotions
140000,Reason
140001,Control
140002,Emotions
140003,Emotions
140004,Emotions
140005,Emotions
140006,Reason
140007,Emotions
140008,Reason
140009,Reason
140010,Reason
140011,Reason
140012,Control
140013,Control
140014,Emotions
140015,Control
140016,Emotions
140017,Reason
140018,Control
140019,Control
140020,Control
140021,Emotions
140022,Control
140023,Emotions
140024,Emotions
140025,Reason
140026,Control
140027,Emotions
140028,Control
140029,Emotions
140030,Emotions
140031,Reason
140032,Reason
140033,Emotions
140034,Reason
140035,Control
140036,Emotions
140037,Emotions
140038,Reason
140039,Emotions
140040,Emotions
140041,Control
140042,Control
140043,Emotions
140044,Emotions
140045,Control
140046,Reason
140047,Control
140048,Reason
140049,Emotions
140050,Control
140051,Control
140052,Reason
140053,Emotions
140054,Control
140055,Control
140056,Control
140057,Emotions
140058,Emotions
140059,Reason
140060,Control
140061,Control
140062,Control
140063,Control
140064,Reason
140065,Control
140066,Emotions
140067,Control
140068,Emotions
140069,Reason
140070,Control
140071,Control
140072,Control
140073,Emotions
140074,Control
140075,Reason
140076,Control
140077,Reason
140078,Emotions
140079,Emotions
140080,Emotions
140081,Emotions
140082,Control
140083,Reason
140084,Emotions
140085,Control
140086,Control
140087,Reason
140088,Reason
140089,Reason
140090,Emotions
140091,Reason
140092,Emotions
140093,Reason
140094,Reason
140095,Emotions
140096,Reason
140097,Control
140098,Reason
140099,Reason
140100,Reason
140101,Control
140102,Emotions
140103,Reason
140104,Control
140105,Reason
140106,Control
140107,Control
140108,Reason
140109,Reason
140110,Control
140111,Emotions
140112,Reason
140113,Emotions
140114,Emotions
140115,Emotions
140116,Emotions
140117,Emotions
140118,Reason
140119,Reason
140120,Reason
140121,Control
140122,Reason
140123,Control
140124,Control
140125,Reason
140126,Reason
140127,Reason
140128,Reason
140129,Control
140130,Control
140131,Reason
140132,Reason
140133,Control
140134,Reason
140135,Reason
140136,Control
140137,Emotions
140138,Reason
140139,Reason
140140,Control
140141,Reason
140142,Reason
140143,Reason
140144,Reason
140145,Emotions
140146,Control
140147,Control
140148,Control
140149,Control
140150,Control
140151,Emotions
140152,Control
140153,Emotions
140154,Emotions
140155,Control
140156,Reason
140157,Control
140158,Control
140159,Emotions
140160,Reason
140161,Emotions
140162,Control
140163,Reason
140164,Control
140165,Control
140166,Reason
140167,Control
140168,Reason
140169,Reason
140170,Control
140171,Emotions
140172,Reason
140173,Emotions
140174,Control
140175,Reason
140176,Reason
140177,Emotions
140178,Emotions
140179,Emotions
140180,Emotions
140181,Control
140182,Reason
140183,Reason
140184,Emotions
140185,Control
140186,Emotions
140187,Reason
140188,Reason
140189,Emotions
140190,Emotions
140191,Emotions
140192,Emotions
140193,Emotions
140194,Reason
140195,Control
140196,Reason
140197,Control
140198,Emotions
140199,Emotions
140200,Control
140201,Control
140202,Reason
140203,Reason
140204,Control
140205,Reason
140206,Emotions
140207,Reason
140208,Emotions
140209,Reason
140210,Control
140211,Control
140212,Control
140213,Emotions
140214,Control
140215,Emotions
140216,Reason
140217,Reason
140218,Reason
140219,Emotions
140220,Reason
140221,Reason
140222,Reason
140223,Reason
140224,Reason
140225,Emotions
140226,Emotions
140227,Reason
140228,Emotions
140229,Control
140230,Reason
140231,Control
140232,Emotions
140233,Emotions
140234,Emotions
140235,Reason
140236,Control
140237,Control
140238,Reason
140239,Emotions
140240,Reason
140241,Control
140242,Reason
140243,Emotions
140244,Control
140245,Emotions
140246,Emotions
140247,Control
140248,Reason
140249,Emotions
140250,Control
140251,Reason
140252,Emotions
140253,Emotions
140254,Control
140255,Control
140256,Emotions
140257,Control
140258,Control
140259,Reason
140260,Emotions
140261,Emotions
140262,Reason
140263,Emotions
140264,Emotions
140265,Reason
140266,Reason
140267,Emotions
140268,Emotions
140269,Reason
140270,Reason
140271,Control
140272,Control
140273,Reason
140274,Reason
140275,Emotions
140276,Control
140277,Emotions
140278,Reason
140279,Control
140280,Control
140281,Reason
140282,Control
140283,Control
140284,Reason
140285,Emotions
140286,Emotions
140287,Reason
140288,Control
140289,Emotions
140290,Control
140291,Reason
140292,Control
140293,Emotions
140294,Emotions
140295,Emotions
140296,Reason
140297,Control
140298,Emotions
140299,Reason
140300,Control
140301,Control
140302,Emotions
140303,Control
140304,Control
140305,Reason
140306,Reason
140307,Control
140308,Control
140309,Control
140310,Emotions
140311,Reason
140312,Control
140313,Reason
140314,Control
140315,Emotions
140316,Emotions
140317,Reason
140318,Emotions
140319,Control
140320,Reason
140321,Reason
140322,Control
140323,Control
140324,Control
140325,Emotions
140326,Reason
140327,Reason
140328,Reason
140329,Control
140330,Emotions
140331,Emotions
140332,Emotions
140333,Reason
140334,Emotions
140335,Control
140336,Control
140337,Control
140338,Control
140339,Emotions
140340,Control
140341,Reason
140342,Emotions
140343,Control
140344,Reason
140345,Control
140346,Reason
140347,Control
140348,Control
140349,Control
140350,Reason
140351,Control
140352,Control
140353,Control
140354,Control
140355,Reason
140356,Control
140357,Control
140358,Control
140359,Emotions
140360,Control
140361,Control
140362,Control
140363,Control
140364,Control
140365,Control
140366,Emotions
140367,Emotions
140368,Control
140369,Reason
140370,Emotions
140371,Control
140372,Reason
140373,Reason
140374,Reason
140375,Emotions
140376,Emotions
140377,Control
140378,Emotions
140379,Emotions
140380,Reason
140381,Emotions
140382,Emotions
140383,Reason
140384,Emotions
140385,Reason
140386,Emotions
140387,Reason
140388,Control
140389,Emotions
140390,Control
140391,Control
140392,Emotions
140393,Emotions
140394,Reason
140395,Emotions
140396,Emotions
140397,Reason
140398,Emotions
140399,Control
140400,Reason
140401,Reason
140402,Control
140403,Reason
140404,Reason
140405,Emotions
140406,Reason
140407,Emotions
140408,Emotions
140409,Control
140410,Control
140411,Reason
140412,Reason
140413,Emotions
140414,Emotions
140415,Control
140416,Emotions
140417,Control
140418,Control
140419,Reason
140420,Control
140421,Emotions
140422,Reason
140423,Control
140424,Emotions
140425,Reason
140426,Control
140427,Control
140428,Control
140429,Reason
140430,Emotions
140431,Emotions
140432,Control
140433,Control
140434,Emotions
140435,Control
140436,Control
140437,Control
140438,Reason
140439,Control
140440,Control
140441,Emotions
140442,Emotions
140443,Reason
140444,Control
140445,Reason
140446,Emotions
140447,Emotions
140448,Control
140449,Reason
140450,Emotions
140451,Emotions
140452,Control
140453,Reason
140454,Reason
140455,Emotions
140456,Control
140457,Reason
140458,Control
140459,Reason
140460,Reason
140461,Emotions
140462,Emotions
140463,Emotions
140464,Emotions
140465,Control
140466,Control
140467,Emotions
140468,Emotions
140469,Emotions
140470,Reason
140471,Emotions
140472,Reason
140473,Control
140474,Reason
140475,Control
140476,Emotions
140477,Emotions
140478,Control
140479,Control
140480,Reason
140481,Reason
140482,Control
140483,Control
140484,Control
140485,Emotions
140486,Emotions
140487,Emotions
140488,Reason
140489,Emotions
140490,Reason
140491,Emotions
140492,Control
140493,Reason
140494,Reason
140495,Reason
140496,Control
140497,Control
140498,Emotions
140499,Emotions
140500,Reason
140501,Emotions
140502,Reason
140503,Emotions
140504,Emotions
140505,Reason
140506,Reason
140507,Reason
140508,Control
140509,Control
140510,Control
140511,Control
140512,Control
140513,Emotions
140514,Control
140515,Control
140516,Emotions
140517,Emotions
140518,Control
140519,Control
140520,Emotions
140521,Reason
140522,Control
140523,Emotions
140524,Emotions
140525,Reason
140526,Reason
140527,Control
140528,Control
140529,Reason
140530,Control
140531,Control
140532,Control
140533,Emotions
140534,Emotions
140535,Emotions
140536,Reason
140537,Emotions
140538,Reason
140539,Emotions
140540,Control
140541,Emotions
140542,Reason
140543,Reason
140544,Emotions
140545,Control
140546,Reason
140547,Control
140548,Reason
140549,Control
140550,Control
140551,Reason
140552,Emotions
140553,Reason
140554,Reason
140555,Reason
140556,Reason
140557,Control
140558,Reason
140559,Control
140560,Control
140561,Emotions
140562,Reason
140563,Emotions
140564,Reason
140565,Control
140566,Reason
140567,Control
140568,Emotions
140569,Emotions
140570,Control
140571,Reason
140572,Emotions
140573,Control
140574,Reason
140575,Reason
140576,Reason
140577,Control
140578,Emotions
140579,Reason
140580,Control
140581,Emotions
140582,Reason
140583,Control
140584,Emotions
140585,Emotions
140586,Control
140587,Control
140588,Reason
140589,Control
140590,Emotions
140591,Emotions
140592,Control
140593,Reason
140594,Reason
140595,Control
140596,Reason
140597,Emotions
140598,Emotions
140599,Control
140600,Reason
140601,Control
140602,Reason
140603,Reason
140604,Emotions
140605,Emotions
140606,Control
140607,Reason
140608,Reason
140609,Emotions
140610,Emotions
140611,Reason
140612,Emotions
140613,Control
140614,Reason
140615,Emotions
140616,Emotions
140617,Emotions
140618,Control
140619,Reason
140620,Control
140621,Emotions
140622,Control
140623,Control
140624,Reason
140625,Reason
140626,Reason
140627,Emotions
140628,Control
140629,Reason
140630,Emotions
140631,Emotions
140632,Reason
140633,Control
140634,Emotions
140635,Reason
140636,Control
140637,Reason
140638,Reason
140639,Reason
140640,Reason
140641,Control
140642,Emotions
140643,Control
140644,Emotions
140645,Emotions
140646,Emotions
140647,Emotions
140648,Control
140649,Reason
140650,Control
140651,Emotions
140652,Reason
140653,Reason
140654,Control
140655,Control
140656,Control
140657,Control
140658,Control
140659,Emotions
140660,Control
140661,Reason
140662,Emotions
140663,Emotions
140664,Emotions
140665,Emotions
140666,Control
140667,Reason
140668,Reason
140669,Control
140670,Control
140671,Emotions
140672,Emotions
140673,Emotions
140674,Emotions
140675,Emotions
140676,Emotions
140677,Control
140678,Emotions
140679,Emotions
140680,Reason
140681,Reason
140682,Control
140683,Reason
140684,Emotions
140685,Control
140686,Control
140687,Reason
140688,Reason
140689,Reason
140690,Reason
140691,Emotions
140692,Emotions
140693,Reason
140694,Emotions
140695,Emotions
140696,Control
140697,Control
140698,Control
140699,Control
140700,Emotions
140701,Reason
140702,Emotions
140703,Reason
140704,Control
140705,Control
140706,Emotions
140707,Reason
140708,Reason
140709,Control
140710,Reason
140711,Emotions
140712,Reason
140713,Control
140714,Reason
140715,Control
140716,Emotions
140717,Emotions
140718,Emotions
140719,Emotions
140720,Reason
140721,Emotions
140722,Control
140723,Emotions
140724,Emotions
140725,Control
140726,Control
140727,Control
140728,Emotions
140729,Reason
140730,Emotions
140731,Reason
140732,Reason
140733,Reason
140734,Reason
140735,Reason
140736,Emotions
140737,Control
140738,Control
140739,Reason
140740,Reason
140741,Emotions
140742,Emotions
140743,Emotions
140744,Control
140745,Reason
140746,Emotions
140747,Control
140748,Emotions
140749,Control
140750,Reason
140751,Reason
140752,Reason
140753,Emotions
140754,Emotions
140755,Emotions
140756,Control
140757,Emotions
140758,Control
140759,Emotions
140760,Reason
140761,Emotions
140762,Control
140763,Emotions
140764,Control
140765,Emotions
140766,Reason
140767,Emotions
140768,Control
140769,Control
140770,Reason
140771,Reason
140772,Control
140773,Reason
140774,Reason
140775,Reason
140776,Control
140777,Reason
140778,Control
140779,Emotions
